

INSERT INTO roles (name) VALUES 
('Administrador de Sistema'),
('Gerente de Operaciones'),
('Jefe de Almacén'),
('Supervisor de Inventario'),
('Operario de Recepción'),
('Operario de Despacho'),
('Asistente de Logística'),
('Controlador de Calidad'),
('Auditor Interno'),
('Planificador de Producción'),
('Comprador / Abastecimiento'),
('Encargado de Picking'),
('Encargado de Packing'),
('Coordinador de Distribución'),
('Soporte Técnico Almacén');

INSERT INTO users (username, email, password, role_id, created_at, updated_at) VALUES 
('admin_user', 'admin@manufactura.com', '$2a$12$7SdCejC0vkPEfFGYJyN1R.9e5QMjnmVean5XHNuMNxtQfvXwHxDdW', 1, NOW(), NOW()),
('gerente_ops', 'g.operaciones@manufactura.com', '$2a$12$b2zrgO2JglmzrsMyyUheMeXuwOd3q9Cn46YdqWujFfqJY66e9SktG', 2, NOW(), NOW()),
('jefe_almacen', 'j.almacen@manufactura.com', '$2a$12$UEerqGrErPnZgBvjFISXwuZma1aqch6vSw.NnjPWMaLNJfxIKl1Eq', 3, NOW(), NOW()),
('sup_inventario', 's.inventario@manufactura.com', '$2a$12$V0bvDyphIrCHMBSLHWocw./hZmSM/4pCKwxqTFZmGlAYNzy6PpvJW', 4, NOW(), NOW()),
('op_recepcion1', 'r.gomez@manufactura.com', '$2a$12$pTYkwmLykd5JGyfjyKYuEuE0EYlkLQxt/NWQ92XNq9LmgGW24XLYC', 5, NOW(), NOW()),
('op_despacho1', 'm.lopez@manufactura.com', '$2a$12$NSzanXwlGsu76njNA.C//O.Dy1Bxkt4WDQgQ7Az7iASTg0JC7EaAq', 6, NOW(), NOW()),
('asist_logistica', 'a.torres@manufactura.com', '$2a$12$3gZ/qG6ZSxVmgL/pXOy1reBYHAWlmnBvs9jN2fsJD.2dlpGBkpyWK', 7, NOW(), NOW()),
('ctrl_calidad1', 'c.calidad@manufactura.com', '$2a$12$Tc.xY3yqcO7FwZ0uqYaQmep1m9sKZLZWsT9g9zYIOhuTSaqs5xccu', 8, NOW(), NOW()),
('auditor_int', 'auditoria@manufactura.com', '$2a$12$w3Rp4BPqtYmQODBnP8YRp.X0DPUoQXbcfifAIzHEyfmXOlebKsBG.', 9, NOW(), NOW()),
('plan_prod', 'produccion@manufactura.com', '$2a$12$H3xh/EL/EP2I3YBy/I/9tOgmPbZSlftky/.KSimn8lCvoCmpIdGa2', 10, NOW(), NOW()),
('comprador1', 'compras@manufactura.com', '$2a$12$pC.cIuyRQN95itnzIuDU0OvDY5mWgm9nTN3hCaapvU.27HApNc7XS', 11, NOW(), NOW()),
('pick_master', 'j.picking@manufactura.com', '$2a$12$pl39iaT0JgYjx8BkP933zeKhnFen6vTezJ30R3mkw9eT8M.9X3sYm', 12, NOW(), NOW()),
('pack_lead', 'f.packing@manufactura.com', '$2a$12$4FJh4BRnpDmgNXDI3a9hSOhxL5JbbMyeJ17zSh/0xkakXUemnGlSO', 13, NOW(), NOW()),
('coord_dist', 'distribucion@manufactura.com', '$2a$12$pzf9qjM5HdLlgpR5.K26YuydXdmh944EB1FwLyNS1P.5f9xvFmMKu', 14, NOW(), NOW()),
('soporte_ti', 'soporte.almacen@manufactura.com', '$2a$12$4wmmi41Qg1iEIPU04RrUiehhcB0rz0d5JPRRvc0t06wiXN/ugybI.', 15, NOW(), NOW());

INSERT INTO categories (name, description, created_at) VALUES 
('Materias Primas', 'Insumos básicos para la manufactura de productos', NOW()),
('Componentes Electrónicos', 'Circuitos, resistencias y chips para ensamblaje', NOW()),
('Embalajes y Empaques', 'Cajas, pallets, plásticos de burbuja y cintas', NOW()),
('Productos Semi-terminados', 'Estructuras armadas a falta de acabado final', NOW()),
('Productos Terminados', 'Bienes listos para la distribución y venta', NOW()),
('Herramientas y Utillaje', 'Equipos de mano para el personal operativo', NOW()),
('EPIs y Seguridad', 'Cascos, guantes, lentes y botas de seguridad', NOW()),
('Químicos y Lubricantes', 'Fluidos para mantenimiento de maquinaria', NOW()),
('Suministros de Limpieza', 'Productos para el mantenimiento del almacén', NOW()),
('Repuestos de Maquinaria', 'Piezas de recambio mecánicas y neumáticas', NOW()),
('Ferretería General', 'Tornillos, pernos, tuercas y soldaduras', NOW()),
('Plásticos y Polímeros', 'Planchas y perfiles plásticos inyectados', NOW()),
('Metales y Perfiles', 'Barras de acero, perfiles de aluminio y planchas', NOW()),
('Cables y Conductores', 'Cableado de cobre y fibra óptica para planta', NOW()),
('Material de Oficina Almacén', 'Papelería, etiquetas impresas y formularios', NOW());

INSERT INTO locations (aisle, rack, level, description, created_at) VALUES 
('Pasillo A', 'Rack A1', 'Nivel 1', 'Zona baja de alta rotación', NOW()),
('Pasillo A', 'Rack A2', 'Nivel 2', 'Zona de pallets estándar', NOW()),
('Pasillo B', 'Rack B1', 'Nivel 1', 'Componentes delicados', NOW()),
('Pasillo B', 'Rack B3', 'Nivel 3', 'Almacenamiento pesado', NOW()),
('Pasillo C', 'Rack C1', 'Nivel 2', 'Productos terminados', NOW()),
('Pasillo C', 'Rack C4', 'Nivel 4', 'Contenedores de empaque', NOW()),
('Pasillo D', 'Rack D2', 'Nivel 1', 'Productos inflamables controlados', NOW()),
('Pasillo D', 'Rack D3', 'Nivel 3', 'Herramientas de mantenimiento', NOW()),
('Pasillo E', 'Rack E1', 'Nivel 1', 'Zona de recepción temporal', NOW()),
('Pasillo E', 'Rack E2', 'Nivel 2', 'Zona de cuarentena / Calidad', NOW()),
('Pasillo F', 'Rack F1', 'Nivel 1', 'Ferretería y consumibles', NOW()),
('Pasillo F', 'Rack F2', 'Nivel 3', 'Cables y bobinas', NOW()),
('Pasillo G', 'Rack G1', 'Nivel 2', 'Metales pesados', NOW()),
('Pasillo G', 'Rack G3', 'Nivel 1', 'Materiales de sobre-stock', NOW()),
('Pasillo H', 'Rack H1', 'Nivel 4', 'Archivo muerto y suministros', NOW());

INSERT INTO suppliers (ruc, company_name, contact_name, phone, email, delivery_time_days, created_at) VALUES 
('20100200301', 'Aceros Industriales S.A.C.', 'Juan Pérez', '987654321', 'ventas@acerosind.pe', 5, NOW()),
('20554433221', 'Plásticos del Perú S.A.', 'Ana Martínez', '912345678', 'contacto@plasticosperu.com', 3, NOW()),
('20887766554', 'Electrónicos del Sur', 'Carlos Mendoza', '933445566', 'Soporte@elecsur.pe', 7, NOW()),
('20443322119', 'Empaques Globales S.A.', 'Sofía Castro', '955667788', 'pedidos@empaquesg.com', 2, NOW()),
('20332211445', 'Químicos Lima S.A.C.', 'Ricardo Ruiz', '977889900', 'r.ruiz@quimicoslima.com', 4, NOW()),
('20112233445', 'Ferretería Industrial El Tornillo', 'Luis Diaz', '944556677', 'ventas@eltornillo.pe', 1, NOW()),
('20998877665', 'Seguridad Total EPI', 'Elena Vega', '922334455', 'cotizaciones@seguridadtotal.pe', 3, NOW()),
('20776655443', 'Suministros Médicos y Limpieza', 'Pedro Rojas', '966778899', 'projas@suministrosl.com', 2, NOW()),
('20665544332', 'Metales Continentales', 'Gabriel Soto', '911223344', 'g.soto@metalescont.com', 6, NOW()),
('20223344556', 'Cables y Energía Perú', 'Marta Flores', '999888777', 'mflores@cablesenergia.pe', 8, NOW()),
('20556677889', 'Logística y Pallets del Norte', 'Jorge Luna', '988776655', 'jluna@palletsnorte.com', 3, NOW()),
('20445566778', 'Importaciones Maquinaria Top', 'Walter White', '977665544', 'wwhite@importtop.pe', 15, NOW()),
('20334455667', 'Herramientas Pro S.A.', 'Robert Ochoa', '966554433', 'rochoa@herramientaspro.com', 4, NOW()),
('20221100998', 'Insumos Textiles Manufactura', 'Carmen Luz', '955443322', 'cluz@insumostextiles.com', 5, NOW()),
('20119988776', 'Papelera e Imprenta Gráfica', 'Andrés Silva', '944332211', 'asilva@graficaperu.com', 2, NOW());

INSERT INTO products (sku, name, category_id, location_id, unit, stock, min_stock, created_at, updated_at) VALUES 
('SKU-PR-001', 'Plancha de Acero 1/8', 13, 13, 'Unidades', 120, 20, NOW(), NOW()),
('SKU-CE-002', 'Microcontrolador ATmega328P', 2, 3, 'Unidades', 500, 50, NOW(), NOW()),
('SKU-EM-003', 'Caja de Cartón Máster 50x50', 3, 6, 'Unidades', 1500, 200, NOW(), NOW()),
('SKU-PT-004', 'Eje de Transmisión Ensamblado', 5, 5, 'Unidades', 45, 10, NOW(), NOW()),
('SKU-HE-005', 'Set de Llaves Alen Pro', 6, 8, 'Set', 15, 5, NOW(), NOW()),
('SKU-EP-006', 'Guantes de Nitrilo - Caja x100', 7, 11, 'Cajas', 80, 15, NOW(), NOW()),
('SKU-QU-007', 'Aceite Hidráulico ISO 68', 8, 7, 'Galones', 30, 8, NOW(), NOW()),
('SKU-LI-008', 'Detergente Industrial Multiusos', 9, 15, 'Bidones', 25, 5, NOW(), NOW()),
('SKU-RE-009', 'Rodamiento de Bolas SKF 6204', 10, 12, 'Unidades', 60, 12, NOW(), NOW()),
('SKU-FE-010', 'Pernos de Anclaje 3/8 x 3', 11, 11, 'Millares', 5, 1, NOW(), NOW()),
('SKU-PL-011', 'Perfil de Policarbonato 2m', 12, 2, 'Unidades', 200, 40, NOW(), NOW()),
('SKU-CA-012', 'Cable Vulcanizado 3x14 AWG', 14, 12, 'Metros', 400, 100, NOW(), NOW()),
('SKU-OF-013', 'Etiquetas Térmicas 4x6 (Rollo)', 15, 15, 'Rollos', 50, 10, NOW(), NOW()),
('SKU-PR-014', 'Resina Poliéster Industrial', 1, 7, 'Kilogramos', 350, 50, NOW(), NOW()),
('SKU-PT-015', 'Tablero Eléctrico de Distribución', 5, 5, 'Unidades', 12, 3, NOW(), NOW());

INSERT INTO product_batches (product_id, batch_code, expiration_date, initial_quantity, current_quantity, created_at) VALUES 
(1, 'LOTE-AC-01', '2030-12-31', 120, 120, NOW()),
(2, 'LOTE-EL-99', '2029-05-15', 500, 500, NOW()),
(3, 'LOTE-EM-05', '2028-01-01', 1500, 1500, NOW()),
(4, 'LOTE-PROD-22', '2031-06-30', 45, 45, NOW()),
(5, 'LOTE-HE-12', '2035-01-01', 15, 15, NOW()),
(6, 'LOTE-EPI-04', '2027-08-20', 80, 80, NOW()),
(7, 'LOTE-QU-88', '2028-03-12', 30, 30, NOW()),
(8, 'LOTE-LIM-01', '2027-02-28', 25, 25, NOW()),
(9, 'LOTE-REP-34', '2036-04-10', 60, 60, NOW()),
(10, 'LOTE-FER-77', '2033-11-05', 5, 5, NOW()),
(11, 'LOTE-PLAS-12', '2029-10-22', 200, 200, NOW()),
(12, 'LOTE-CAB-09', '2032-09-18', 400, 400, NOW()),
(13, 'LOTE-OF-02', '2027-12-25', 50, 50, NOW()),
(14, 'LOTE-RES-66', '2027-05-14', 350, 350, NOW()),
(15, 'LOTE-TAB-03', '2032-01-15', 12, 12, NOW());

INSERT INTO movements (movement_type, reason, supplier_id, reference_document_type, reference_document_number, performed_by, created_at) VALUES 
('entrada', 'Compra regular de materias primas', 1, 'Factura', 'F001-0004321', 5, NOW()),
('entrada', 'Abastecimiento de componentes', 3, 'Factura', 'F005-0012984', 5, NOW()),
('salida', 'Despacho a línea de producción 1', NULL, 'Orden de Trabajo', 'OT-2026-009', 6, NOW()),
('entrada', 'Ingreso de Producto Terminado', NULL, 'Parte de Producción', 'PP-10294', 5, NOW()),
('salida', 'Despacho de stock por venta', NULL, 'Guía de Remisión', 'G002-00432', 6, NOW()),
('entrada', 'Compra de implementos de seguridad', 7, 'Factura', 'F012-0003441', 5, NOW()),
('salida', 'Mantenimiento preventivo de planta', NULL, 'Vale de Almacén', 'VA-00439', 6, NOW()),
('entrada', 'Reposición de empaques', 4, 'Factura', 'F002-0099481', 5, NOW()),
('salida', 'Ajuste por inventario cíclico', NULL, 'Informe Técnico', 'IT-002', 4, NOW()),
('entrada', 'Devolución de producción por exceso', NULL, 'Vale de Devolución', 'VD-0012', 5, NOW()),
('entrada', 'Compra de ferretería general', 6, 'Boleta', 'B001-0023412', 5, NOW()),
('salida', 'Despacho a línea de producción 2', NULL, 'Orden de Trabajo', 'OT-2026-010', 6, NOW()),
('entrada', 'Ingreso de lote de resinas', 5, 'Factura', 'F008-0021394', 5, NOW()),
('salida', 'Desecho por control de calidad obsoleto', NULL, 'Informe Calidad', 'IC-883', 8, NOW()),
('entrada', 'Compra urgente de cables', 10, 'Factura', 'F003-0009241', 5, NOW());

INSERT INTO movement_details (movement_id, product_id, batch_id, quantity) VALUES 
(1, 1, 1, 50),
(2, 2, 2, 200),
(3, 4, 4, 5),
(4, 15, 15, 3),
(5, 3, 3, 100),
(6, 6, 6, 20),
(7, 7, 7, 4),
(8, 3, 3, 500),
(9, 9, 9, 2),
(10, 2, 2, 10),
(11, 10, 10, 2),
(12, 11, 11, 35),
(13, 14, 14, 100),
(14, 8, 8, 1),
(15, 12, 12, 150);